,Length,PR,turn off camera,Intrudsion,replan times,exploration rate,,,,,,
Hybrid,39,748.924765,19,25,7,0.380000,,,,,
,,,,,,,,,,,
,Length,PR,turn off camera,Intrudsion,replan times,exploration rate,,,,,,
SC,27,713.069995,13,19,5,0.310000,,,,,
,,,,,,,,,,,
,Length,PR,turn off camera,Intrudsion,replan times,exploration rate,,,
PP,39,901.420806,0,18,16,0.390000,,,,,
,,,,,,,,,,,
,Length,PR,turn off camera,Intrudsion,replan times,exploration rate,,,,,,
Hybrid,31,655.892928,13,17,3,0.360000,,,,,
,,,,,,,,,,,
,Length,PR,turn off camera,Intrudsion,replan times,exploration rate,,,,,,
SC,27,621.157689,14,19,5,0.350000,,,,,
,,,,,,,,,,,
,Length,PR,turn off camera,Intrudsion,replan times,exploration rate,,,
PP,39,588.752480,0,20,12,0.440000,,,,,
,,,,,,,,,,,
,Length,PR,turn off camera,Intrudsion,replan times,exploration rate,,,,,,
Hybrid,39,767.651864,18,24,4,0.390000,,,,,
,,,,,,,,,,,
,Length,PR,turn off camera,Intrudsion,replan times,exploration rate,,,,,,
SC,27,621.157689,14,19,5,0.350000,,,,,
,,,,,,,,,,,
,Length,PR,turn off camera,Intrudsion,replan times,exploration rate,,,
PP,39,588.752480,0,20,14,0.430000,,,,,
,,,,,,,,,,,
,Length,PR,turn off camera,Intrudsion,replan times,exploration rate,,,,,,
Hybrid,33,768.309806,18,23,4,0.350000,,,,,
,,,,,,,,,,,
,Length,PR,turn off camera,Intrudsion,replan times,exploration rate,,,,,,
SC,27,766.478451,14,21,5,0.330000,,,,,
,,,,,,,,,,,
,Length,PR,turn off camera,Intrudsion,replan times,exploration rate,,,
PP,35,791.827130,0,22,18,0.430000,,,,,
,,,,,,,,,,,
,Length,PR,turn off camera,Intrudsion,replan times,exploration rate,,,,,,
Hybrid,33,562.056729,17,17,4,0.390000,,,,,
,,,,,,,,,,,
,Length,PR,turn off camera,Intrudsion,replan times,exploration rate,,,,,,
SC,27,621.157689,14,19,5,0.360000,,,,,
,,,,,,,,,,,
,Length,PR,turn off camera,Intrudsion,replan times,exploration rate,,,
PP,39,544.126448,0,19,12,0.430000,,,,,
,,,,,,,,,,,
,Length,PR,turn off camera,Intrudsion,replan times,exploration rate,,,,,,
Hybrid,34,1180.458384,10,18,2,0.280000,,,,,
,,,,,,,,,,,
,Length,PR,turn off camera,Intrudsion,replan times,exploration rate,,,,,,
SC,27,768.842552,13,20,5,0.350000,,,,,
,,,,,,,,,,,
,Length,PR,turn off camera,Intrudsion,replan times,exploration rate,,,
PP,34,1138.044239,0,16,4,0.310000,,,,,
,,,,,,,,,,,
,Length,PR,turn off camera,Intrudsion,replan times,exploration rate,,,,,,
Hybrid,35,486.522901,15,18,3,0.410000,,,,,
,,,,,,,,,,,
,Length,PR,turn off camera,Intrudsion,replan times,exploration rate,,,,,,
SC,27,583.615833,14,21,5,0.370000,,,,,
,,,,,,,,,,,
,Length,PR,turn off camera,Intrudsion,replan times,exploration rate,,,
PP,39,590.954337,0,20,15,0.440000,,,,,
,,,,,,,,,,,
,Length,PR,turn off camera,Intrudsion,replan times,exploration rate,,,,,,
Hybrid,39,378.562490,16,18,3,0.320000,,,,,
,,,,,,,,,,,
,Length,PR,turn off camera,Intrudsion,replan times,exploration rate,,,,,,
SC,27,369.763587,12,17,4,0.290000,,,,,
,,,,,,,,,,,
,Length,PR,turn off camera,Intrudsion,replan times,exploration rate,,,
PP,39,548.160496,0,18,12,0.390000,,,,,
,,,,,,,,,,,
,Length,PR,turn off camera,Intrudsion,replan times,exploration rate,,,,,,
Hybrid,39,593.682189,10,17,5,0.380000,,,,,
,,,,,,,,,,,
,Length,PR,turn off camera,Intrudsion,replan times,exploration rate,,,,,,
SC,27,302.417340,8,13,3,0.310000,,,,,
,,,,,,,,,,,
,Length,PR,turn off camera,Intrudsion,replan times,exploration rate,,,
PP,28,394.953431,0,11,2,0.260000,,,,,
,,,,,,,,,,,
,Length,PR,turn off camera,Intrudsion,replan times,exploration rate,,,,,,
Hybrid,39,588.258430,15,21,6,0.390000,,,,,
,,,,,,,,,,,
,Length,PR,turn off camera,Intrudsion,replan times,exploration rate,,,,,,
SC,27,238.640232,11,15,3,0.310000,,,,,
,,,,,,,,,,,
,Length,PR,turn off camera,Intrudsion,replan times,exploration rate,,,
PP,39,965.636962,0,20,16,0.400000,,,,,
,,,,,,,,,,,
,Length,PR,turn off camera,Intrudsion,replan times,exploration rate,,,,,,
Hybrid,39,420.531655,19,18,4,0.360000,,,,,
,,,,,,,,,,,
,Length,PR,turn off camera,Intrudsion,replan times,exploration rate,,,,,,
SC,27,369.763587,12,17,4,0.310000,,,,,
,,,,,,,,,,,
,Length,PR,turn off camera,Intrudsion,replan times,exploration rate,,,
PP,39,501.222388,0,16,10,0.400000,,,,,
,,,,,,,,,,,
,Length,PR,turn off camera,Intrudsion,replan times,exploration rate,,,,,,
Hybrid,39,415.549680,15,17,4,0.420000,,,,,
,,,,,,,,,,,
,Length,PR,turn off camera,Intrudsion,replan times,exploration rate,,,,,,
SC,27,369.763587,12,17,4,0.320000,,,,,
,,,,,,,,,,,
,Length,PR,turn off camera,Intrudsion,replan times,exploration rate,,,
PP,39,501.222388,0,16,10,0.420000,,,,,
,,,,,,,,,,,
,Length,PR,turn off camera,Intrudsion,replan times,exploration rate,,,,,,
Hybrid,34,1055.762854,8,19,2,0.290000,,,,,
,,,,,,,,,,,
,Length,PR,turn off camera,Intrudsion,replan times,exploration rate,,,,,,
SC,27,693.184401,14,21,6,0.350000,,,,,
,,,,,,,,,,,
,Length,PR,turn off camera,Intrudsion,replan times,exploration rate,,,
PP,39,832.071628,0,21,16,0.410000,,,,,
,,,,,,,,,,,
,Length,PR,turn off camera,Intrudsion,replan times,exploration rate,,,,,,
Hybrid,35,665.771023,14,19,6,0.370000,,,,,
,,,,,,,,,,,
,Length,PR,turn off camera,Intrudsion,replan times,exploration rate,,,,,,
SC,27,693.184401,14,21,6,0.330000,,,,,
,,,,,,,,,,,
,Length,PR,turn off camera,Intrudsion,replan times,exploration rate,,,
PP,34,1013.348709,0,17,4,0.290000,,,,,
,,,,,,,,,,,
,Length,PR,turn off camera,Intrudsion,replan times,exploration rate,,,,,,
Hybrid,39,319.254237,19,16,3,0.330000,,,,,
,,,,,,,,,,,
,Length,PR,turn off camera,Intrudsion,replan times,exploration rate,,,,,,
SC,27,369.763587,12,17,4,0.310000,,,,,
,,,,,,,,,,,
,Length,PR,turn off camera,Intrudsion,replan times,exploration rate,,,
PP,39,414.163781,0,16,9,0.390000,,,,,
,,,,,,,,,,,
,Length,PR,turn off camera,Intrudsion,replan times,exploration rate,,,,,,
Hybrid,39,308.005334,12,15,3,0.360000,,,,,
,,,,,,,,,,,
,Length,PR,turn off camera,Intrudsion,replan times,exploration rate,,,,,,
SC,27,223.252038,7,11,2,0.300000,,,,,
,,,,,,,,,,,
,Length,PR,turn off camera,Intrudsion,replan times,exploration rate,,,
PP,39,445.013389,0,15,8,0.340000,,,,,
,,,,,,,,,,,
,Length,PR,turn off camera,Intrudsion,replan times,exploration rate,,,,,,
Hybrid,39,428.584241,19,22,3,0.380000,,,,,
,,,,,,,,,,,
,Length,PR,turn off camera,Intrudsion,replan times,exploration rate,,,,,,
SC,27,329.669844,11,16,4,0.380000,,,,,
,,,,,,,,,,,
,Length,PR,turn off camera,Intrudsion,replan times,exploration rate,,,
PP,39,626.398776,0,20,14,0.430000,,,,,
,,,,,,,,,,,
,Length,PR,turn off camera,Intrudsion,replan times,exploration rate,,,,,,
Hybrid,39,315.405635,15,17,4,0.380000,,,,,
,,,,,,,,,,,
,Length,PR,turn off camera,Intrudsion,replan times,exploration rate,,,,,,
SC,27,234.706816,8,13,3,0.340000,,,,,
,,,,,,,,,,,
,Length,PR,turn off camera,Intrudsion,replan times,exploration rate,,,
PP,39,424.975259,0,17,8,0.400000,,,,,
,,,,,,,,,,,
,Length,PR,turn off camera,Intrudsion,replan times,exploration rate,,,,,,
Hybrid,39,766.289149,22,27,4,0.390000,,,,,
,,,,,,,,,,,
,Length,PR,turn off camera,Intrudsion,replan times,exploration rate,,,,,,
SC,27,693.184401,14,21,6,0.360000,,,,,
,,,,,,,,,,,
,Length,PR,turn off camera,Intrudsion,replan times,exploration rate,,,
PP,39,869.800972,0,21,18,0.430000,,,,,
,,,,,,,,,,,
,Length,PR,turn off camera,Intrudsion,replan times,exploration rate,,,,,,
Hybrid,37,239.685549,14,15,3,0.400000,,,,,
,,,,,,,,,,,
,Length,PR,turn off camera,Intrudsion,replan times,exploration rate,,,,,,
SC,27,205.598212,10,14,5,0.370000,,,,,
,,,,,,,,,,,
,Length,PR,turn off camera,Intrudsion,replan times,exploration rate,,,
PP,39,351.143206,0,15,11,0.420000,,,,,
,,,,,,,,,,,
,Length,PR,turn off camera,Intrudsion,replan times,exploration rate,,,,,,
Hybrid,39,648.307461,20,24,4,0.380000,,,,,
,,,,,,,,,,,
,Length,PR,turn off camera,Intrudsion,replan times,exploration rate,,,,,,
SC,27,768.842552,13,20,5,0.350000,,,,,
,,,,,,,,,,,
,Length,PR,turn off camera,Intrudsion,replan times,exploration rate,,,
PP,34,1138.044239,0,16,4,0.290000,,,,,
,,,,,,,,,,,
,Length,PR,turn off camera,Intrudsion,replan times,exploration rate,,,,,,
Hybrid,32,1149.306383,9,19,2,0.270000,,,,,
,,,,,,,,,,,
,Length,PR,turn off camera,Intrudsion,replan times,exploration rate,,,,,,
SC,27,735.383011,13,20,5,0.350000,,,,,
,,,,,,,,,,,
,Length,PR,turn off camera,Intrudsion,replan times,exploration rate,,,
PP,39,580.192049,0,17,13,0.420000,,,,,
,,,,,,,,,,,
,Length,PR,turn off camera,Intrudsion,replan times,exploration rate,,,,,,
Hybrid,35,481.998718,15,18,5,0.370000,,,,,
,,,,,,,,,,,
,Length,PR,turn off camera,Intrudsion,replan times,exploration rate,,,,,,
SC,27,426.085241,11,16,4,0.380000,,,,,
,,,,,,,,,,,
,Length,PR,turn off camera,Intrudsion,replan times,exploration rate,,,
PP,37,548.101086,0,18,16,0.440000,,,,,
,,,,,,,,,,,
,Length,PR,turn off camera,Intrudsion,replan times,exploration rate,,,,,,
Hybrid,33,358.052807,12,16,6,0.370000,,,,,
,,,,,,,,,,,
,Length,PR,turn off camera,Intrudsion,replan times,exploration rate,,,,,,
SC,27,329.669844,11,16,4,0.390000,,,,,
,,,,,,,,,,,
,Length,PR,turn off camera,Intrudsion,replan times,exploration rate,,,
PP,39,392.600516,0,17,9,0.430000,,,,,
,,,,,,,,,,,
,Length,PR,turn off camera,Intrudsion,replan times,exploration rate,,,,,,
Hybrid,34,480.666223,14,18,2,0.300000,,,,,
,,,,,,,,,,,
,Length,PR,turn off camera,Intrudsion,replan times,exploration rate,,,,,,
SC,27,396.170825,14,20,4,0.320000,,,,,
,,,,,,,,,,,
,Length,PR,turn off camera,Intrudsion,replan times,exploration rate,,,
PP,39,558.618328,0,20,15,0.390000,,,,,
,,,,,,,,,,,
,Length,PR,turn off camera,Intrudsion,replan times,exploration rate,,,,,,
Hybrid,39,339.246486,17,16,3,0.350000,,,,,
,,,,,,,,,,,
,Length,PR,turn off camera,Intrudsion,replan times,exploration rate,,,,,,
SC,27,347.450571,12,16,4,0.300000,,,,,
,,,,,,,,,,,
,Length,PR,turn off camera,Intrudsion,replan times,exploration rate,,,
PP,39,570.473512,0,18,12,0.410000,,,,,
,,,,,,,,,,,
,Length,PR,turn off camera,Intrudsion,replan times,exploration rate,,,,,,
Hybrid,35,416.102172,16,22,4,0.310000,,,,,
,,,,,,,,,,,
,Length,PR,turn off camera,Intrudsion,replan times,exploration rate,,,,,,
SC,27,396.170825,14,20,4,0.290000,,,,,
,,,,,,,,,,,
,Length,PR,turn off camera,Intrudsion,replan times,exploration rate,,,
PP,39,424.621613,0,18,10,0.340000,,,,,
,,,,,,,,,,,
,Length,PR,turn off camera,Intrudsion,replan times,exploration rate,,,,,,
Hybrid,37,347.161572,15,18,3,0.310000,,,,,
,,,,,,,,,,,
,Length,PR,turn off camera,Intrudsion,replan times,exploration rate,,,,,,
SC,27,369.763587,12,17,4,0.270000,,,,,
,,,,,,,,,,,
,Length,PR,turn off camera,Intrudsion,replan times,exploration rate,,,
PP,39,501.222388,0,16,10,0.370000,,,,,
,,,,,,,,,,,
,Length,PR,turn off camera,Intrudsion,replan times,exploration rate,,,,,,
Hybrid,37,805.912970,18,23,5,0.390000,,,,,
,,,,,,,,,,,
,Length,PR,turn off camera,Intrudsion,replan times,exploration rate,,,,,,
SC,27,745.914349,13,21,4,0.330000,,,,,
,,,,,,,,,,,
,Length,PR,turn off camera,Intrudsion,replan times,exploration rate,,,
PP,33,846.325881,0,18,19,0.430000,,,,,
,,,,,,,,,,,
,Length,PR,turn off camera,Intrudsion,replan times,exploration rate,,,,,,
Hybrid,33,624.112188,17,23,6,0.390000,,,,,
,,,,,,,,,,,
,Length,PR,turn off camera,Intrudsion,replan times,exploration rate,,,,,,
SC,27,849.747736,14,21,5,0.350000,,,,,
,,,,,,,,,,,
,Length,PR,turn off camera,Intrudsion,replan times,exploration rate,,,
PP,39,976.565993,0,24,19,0.440000,,,,,
,,,,,,,,,,,
,Length,PR,turn off camera,Intrudsion,replan times,exploration rate,,,,,,
Hybrid,39,622.294221,22,24,4,0.360000,,,,,
,,,,,,,,,,,
,Length,PR,turn off camera,Intrudsion,replan times,exploration rate,,,,,,
SC,27,693.184401,14,21,6,0.370000,,,,,
,,,,,,,,,,,
,Length,PR,turn off camera,Intrudsion,replan times,exploration rate,,,
PP,34,1013.348709,0,17,4,0.290000,,,,,
,,,,,,,,,,,
,Length,PR,turn off camera,Intrudsion,replan times,exploration rate,,,,,,
Hybrid,35,792.397870,14,20,5,0.390000,,,,,
,,,,,,,,,,,
,Length,PR,turn off camera,Intrudsion,replan times,exploration rate,,,,,,
SC,27,735.383011,13,20,5,0.360000,,,,,
,,,,,,,,,,,
,Length,PR,turn off camera,Intrudsion,replan times,exploration rate,,,
PP,34,1047.091778,0,16,4,0.310000,,,,,
,,,,,,,,,,,
,Length,PR,turn off camera,Intrudsion,replan times,exploration rate,,,,,,
Hybrid,39,608.838790,17,22,5,0.390000,,,,,
,,,,,,,,,,,
,Length,PR,turn off camera,Intrudsion,replan times,exploration rate,,,,,,
SC,27,216.327216,11,14,3,0.290000,,,,,
,,,,,,,,,,,
,Length,PR,turn off camera,Intrudsion,replan times,exploration rate,,,
PP,39,943.323946,0,19,16,0.390000,,,,,
,,,,,,,,,,,
,Length,PR,turn off camera,Intrudsion,replan times,exploration rate,,,,,,
Hybrid,39,673.073737,21,24,4,0.400000,,,,,
,,,,,,,,,,,
,Length,PR,turn off camera,Intrudsion,replan times,exploration rate,,,,,,
SC,27,735.383011,13,20,5,0.350000,,,,,
,,,,,,,,,,,
,Length,PR,turn off camera,Intrudsion,replan times,exploration rate,,,
PP,34,1047.091778,0,16,4,0.310000,,,,,
,,,,,,,,,,,
,Length,PR,turn off camera,Intrudsion,replan times,exploration rate,,,,,,
Hybrid,39,336.306033,18,18,3,0.390000,,,,,
,,,,,,,,,,,
,Length,PR,turn off camera,Intrudsion,replan times,exploration rate,,,,,,
SC,27,369.763587,12,17,4,0.320000,,,,,
,,,,,,,,,,,
,Length,PR,turn off camera,Intrudsion,replan times,exploration rate,,,
PP,39,548.160496,0,18,12,0.420000,,,,,
,,,,,,,,,,,
,Length,PR,turn off camera,Intrudsion,replan times,exploration rate,,,,,,
Hybrid,37,608.089481,15,22,5,0.420000,,,,,
,,,,,,,,,,,
,Length,PR,turn off camera,Intrudsion,replan times,exploration rate,,,,,,
SC,27,539.193539,12,19,6,0.400000,,,,,
,,,,,,,,,,,
,Length,PR,turn off camera,Intrudsion,replan times,exploration rate,,,
PP,28,809.552288,0,17,2,0.270000,,,,,
,,,,,,,,,,,
,Length,PR,turn off camera,Intrudsion,replan times,exploration rate,,,,,,
Hybrid,37,304.231815,15,16,3,0.330000,,,,,
,,,,,,,,,,,
,Length,PR,turn off camera,Intrudsion,replan times,exploration rate,,,,,,
SC,27,369.763587,12,17,4,0.310000,,,,,
,,,,,,,,,,,
,Length,PR,turn off camera,Intrudsion,replan times,exploration rate,,,
PP,39,414.163781,0,16,7,0.380000,,,,,
,,,,,,,,,,,
,Length,PR,turn off camera,Intrudsion,replan times,exploration rate,,,,,,
Hybrid,39,646.101652,17,22,4,0.410000,,,,,
,,,,,,,,,,,
,Length,PR,turn off camera,Intrudsion,replan times,exploration rate,,,,,,
SC,27,693.184401,14,21,6,0.380000,,,,,
,,,,,,,,,,,
,Length,PR,turn off camera,Intrudsion,replan times,exploration rate,,,
PP,39,832.071628,0,21,16,0.420000,,,,,
,,,,,,,,,,,
,Length,PR,turn off camera,Intrudsion,replan times,exploration rate,,,,,,
Hybrid,39,386.290240,17,18,3,0.370000,,,,,
,,,,,,,,,,,
,Length,PR,turn off camera,Intrudsion,replan times,exploration rate,,,,,,
SC,27,355.910763,11,16,3,0.310000,,,,,
,,,,,,,,,,,
,Length,PR,turn off camera,Intrudsion,replan times,exploration rate,,,
PP,36,430.438460,0,13,3,0.340000,,,,,
,,,,,,,,,,,
,Length,PR,turn off camera,Intrudsion,replan times,exploration rate,,,,,,
Hybrid,39,291.391526,15,16,3,0.360000,,,,,
,,,,,,,,,,,
,Length,PR,turn off camera,Intrudsion,replan times,exploration rate,,,,,,
SC,27,347.450571,12,16,4,0.310000,,,,,
,,,,,,,,,,,
,Length,PR,turn off camera,Intrudsion,replan times,exploration rate,,,
PP,39,525.847480,0,17,12,0.420000,,,,,
,,,,,,,,,,,
,Length,PR,turn off camera,Intrudsion,replan times,exploration rate,,,,,,
Hybrid,33,690.863492,18,21,5,0.380000,,,,,
,,,,,,,,,,,
,Length,PR,turn off camera,Intrudsion,replan times,exploration rate,,,,,,
SC,27,782.413063,14,21,5,0.340000,,,,,
,,,,,,,,,,,
,Length,PR,turn off camera,Intrudsion,replan times,exploration rate,,,
PP,39,976.565993,0,24,19,0.470000,,,,,
,,,,,,,,,,,
,Length,PR,turn off camera,Intrudsion,replan times,exploration rate,,,,,,
Hybrid,30,412.730420,6,15,3,0.300000,,,,,
,,,,,,,,,,,
,Length,PR,turn off camera,Intrudsion,replan times,exploration rate,,,,,,
SC,27,400.682541,11,17,6,0.360000,,,,,
,,,,,,,,,,,
,Length,PR,turn off camera,Intrudsion,replan times,exploration rate,,,
PP,39,839.778383,0,19,11,0.430000,,,,,
,,,,,,,,,,,
,Length,PR,turn off camera,Intrudsion,replan times,exploration rate,,,,,,
Hybrid,35,387.371007,13,17,5,0.410000,,,,,
,,,,,,,,,,,
,Length,PR,turn off camera,Intrudsion,replan times,exploration rate,,,,,,
SC,27,467.330774,14,21,4,0.350000,,,,,
,,,,,,,,,,,
,Length,PR,turn off camera,Intrudsion,replan times,exploration rate,,,
PP,39,692.506442,0,22,17,0.410000,,,,,
,,,,,,,,,,,
,Length,PR,turn off camera,Intrudsion,replan times,exploration rate,,,,,,
Hybrid,37,424.579051,9,13,4,0.400000,,,,,
,,,,,,,,,,,
,Length,PR,turn off camera,Intrudsion,replan times,exploration rate,,,,,,
SC,27,561.841194,9,14,3,0.350000,,,,,
,,,,,,,,,,,
,Length,PR,turn off camera,Intrudsion,replan times,exploration rate,,,
PP,39,1001.262831,0,18,10,0.430000,,,,,
,,,,,,,,,,,
,Length,PR,turn off camera,Intrudsion,replan times,exploration rate,,,,,,
Hybrid,31,606.682761,13,18,4,0.410000,,,,,
,,,,,,,,,,,
,Length,PR,turn off camera,Intrudsion,replan times,exploration rate,,,,,,
SC,27,621.157689,14,19,5,0.360000,,,,,
,,,,,,,,,,,
,Length,PR,turn off camera,Intrudsion,replan times,exploration rate,,,
PP,39,588.752480,0,20,11,0.420000,,,,,
,,,,,,,,,,,
,Length,PR,turn off camera,Intrudsion,replan times,exploration rate,,,,,,
Hybrid,39,629.937176,15,19,6,0.400000,,,,,
,,,,,,,,,,,
,Length,PR,turn off camera,Intrudsion,replan times,exploration rate,,,,,,
SC,27,621.157689,14,19,5,0.350000,,,,,
,,,,,,,,,,,
,Length,PR,turn off camera,Intrudsion,replan times,exploration rate,,,
PP,39,723.922834,0,21,15,0.430000,,,,,
,,,,,,,,,,,
,Length,PR,turn off camera,Intrudsion,replan times,exploration rate,,,,,,
Hybrid,36,1138.315008,12,21,2,0.260000,,,,,
,,,,,,,,,,,
,Length,PR,turn off camera,Intrudsion,replan times,exploration rate,,,,,,
SC,27,735.383011,13,20,5,0.330000,,,,,
,,,,,,,,,,,
,Length,PR,turn off camera,Intrudsion,replan times,exploration rate,,,
PP,34,1047.091778,0,16,4,0.300000,,,,,
,,,,,,,,,,,
,Length,PR,turn off camera,Intrudsion,replan times,exploration rate,,,,,,
Hybrid,39,704.083215,20,22,4,0.380000,,,,,
,,,,,,,,,,,
,Length,PR,turn off camera,Intrudsion,replan times,exploration rate,,,,,,
SC,27,693.184401,14,21,6,0.360000,,,,,
,,,,,,,,,,,
,Length,PR,turn off camera,Intrudsion,replan times,exploration rate,,,
PP,34,1013.348709,0,17,4,0.290000,,,,,
,,,,,,,,,,,
,Length,PR,turn off camera,Intrudsion,replan times,exploration rate,,,,,,
Hybrid,35,384.839072,12,20,5,0.370000,,,,,
,,,,,,,,,,,
,Length,PR,turn off camera,Intrudsion,replan times,exploration rate,,,,,,
SC,29,328.803755,13,18,5,0.340000,,,,,
,,,,,,,,,,,
,Length,PR,turn off camera,Intrudsion,replan times,exploration rate,,,
PP,34,379.307827,0,16,3,0.290000,,,,,
,,,,,,,,,,,
,Length,PR,turn off camera,Intrudsion,replan times,exploration rate,,,,,,
Hybrid,39,426.306339,17,21,5,0.330000,,,,,
,,,,,,,,,,,
,Length,PR,turn off camera,Intrudsion,replan times,exploration rate,,,,,,
SC,27,369.763587,12,17,4,0.300000,,,,,
,,,,,,,,,,,
,Length,PR,turn off camera,Intrudsion,replan times,exploration rate,,,
PP,39,548.160496,0,18,13,0.380000,,,,,
,,,,,,,,,,,
,Length,PR,turn off camera,Intrudsion,replan times,exploration rate,,,,,,
Hybrid,37,845.909596,14,25,6,0.250000,,,,,
,,,,,,,,,,,
,Length,PR,turn off camera,Intrudsion,replan times,exploration rate,,,,,,
SC,27,735.383011,13,20,5,0.160000,,,,,
,,,,,,,,,,,
,Length,PR,turn off camera,Intrudsion,replan times,exploration rate,,,
PP,39,868.407230,0,21,16,0.250000,,,,,
,,,,,,,,,,,
,Length,PR,turn off camera,Intrudsion,replan times,exploration rate,,,,,,
Hybrid,39,886.310632,16,26,6,0.230000,,,,,
,,,,,,,,,,,
,Length,PR,turn off camera,Intrudsion,replan times,exploration rate,,,,,,
SC,27,735.383011,13,20,5,0.160000,,,,,
,,,,,,,,,,,
,Length,PR,turn off camera,Intrudsion,replan times,exploration rate,,,
PP,32,1182.872838,0,17,3,0.100000,,,,,
,,,,,,,,,,,
,Length,PR,turn off camera,Intrudsion,replan times,exploration rate,,,,,,
Hybrid,30,1107.173856,3,18,2,0.080000,,,,,
,,,,,,,,,,,
,Length,PR,turn off camera,Intrudsion,replan times,exploration rate,,,,,,
SC,27,735.383011,13,20,5,0.160000,,,,,
,,,,,,,,,,,
,Length,PR,turn off camera,Intrudsion,replan times,exploration rate,,,
PP,39,868.407230,0,21,15,0.250000,,,,,
,,,,,,,,,,,
,Length,PR,turn off camera,Intrudsion,replan times,exploration rate,,,,,,
Hybrid,39,783.744113,19,22,5,0.220000,,,,,
,,,,,,,,,,,
,Length,PR,turn off camera,Intrudsion,replan times,exploration rate,,,,,,
SC,27,735.383011,13,20,5,0.160000,,,,,
,,,,,,,,,,,
,Length,PR,turn off camera,Intrudsion,replan times,exploration rate,,,
PP,32,1182.872838,0,17,3,0.100000,,,,,
,,,,,,,,,,,
,Length,PR,turn off camera,Intrudsion,replan times,exploration rate,,,,,,
Hybrid,39,794.299024,20,23,6,0.170000,,,,,
,,,,,,,,,,,
,Length,PR,turn off camera,Intrudsion,replan times,exploration rate,,,,,,
SC,27,735.383011,13,20,5,0.160000,,,,,
,,,,,,,,,,,
,Length,PR,turn off camera,Intrudsion,replan times,exploration rate,,,
PP,32,1182.872838,0,17,3,0.100000,,,,,
,,,,,,,,,,,
,Length,PR,turn off camera,Intrudsion,replan times,exploration rate,,,,,,
Hybrid,37,913.382430,15,25,7,0.250000,,,,,
,,,,,,,,,,,
,Length,PR,turn off camera,Intrudsion,replan times,exploration rate,,,,,,
SC,27,735.383011,13,20,5,0.160000,,,,,
,,,,,,,,,,,
,Length,PR,turn off camera,Intrudsion,replan times,exploration rate,,,
PP,32,1182.872838,0,17,3,0.100000,,,,,
,,,,,,,,,,,
,Length,PR,turn off camera,Intrudsion,replan times,exploration rate,,,,,,
Hybrid,37,764.707366,16,20,6,0.210000,,,,,
,,,,,,,,,,,
,Length,PR,turn off camera,Intrudsion,replan times,exploration rate,,,,,,
SC,27,735.383011,13,20,5,0.160000,,,,,
,,,,,,,,,,,
,Length,PR,turn off camera,Intrudsion,replan times,exploration rate,,,
PP,39,868.407230,0,21,16,0.250000,,,,,
,,,,,,,,,,,
,Length,PR,turn off camera,Intrudsion,replan times,exploration rate,,,,,,
Hybrid,37,637.595680,16,19,5,0.190000,,,,,
,,,,,,,,,,,
,Length,PR,turn off camera,Intrudsion,replan times,exploration rate,,,,,,
SC,27,735.383011,13,20,5,0.160000,,,,,
,,,,,,,,,,,
,Length,PR,turn off camera,Intrudsion,replan times,exploration rate,,,
PP,32,1182.872838,0,17,3,0.100000,,,,,
,,,,,,,,,,,
,Length,PR,turn off camera,Intrudsion,replan times,exploration rate,,,,,,
Hybrid,39,776.433420,14,23,6,0.230000,,,,,
,,,,,,,,,,,
,Length,PR,turn off camera,Intrudsion,replan times,exploration rate,,,,,,
SC,27,735.383011,13,20,5,0.160000,,,,,
,,,,,,,,,,,
,Length,PR,turn off camera,Intrudsion,replan times,exploration rate,,,
PP,32,1182.872838,0,17,3,0.100000,,,,,
,,,,,,,,,,,
,Length,PR,turn off camera,Intrudsion,replan times,exploration rate,,,,,,
Hybrid,35,762.615368,19,25,4,0.170000,,,,,
,,,,,,,,,,,
,Length,PR,turn off camera,Intrudsion,replan times,exploration rate,,,,,,
SC,27,735.383011,13,20,5,0.160000,,,,,
,,,,,,,,,,,
,Length,PR,turn off camera,Intrudsion,replan times,exploration rate,,,
PP,32,1182.872838,0,17,3,0.100000,,,,,
,,,,,,,,,,,
,Length,PR,turn off camera,Intrudsion,replan times,exploration rate,,,,,,
Hybrid,27,800.216404,11,20,4,0.160000,,,,,
,,,,,,,,,,,
,Length,PR,turn off camera,Intrudsion,replan times,exploration rate,,,,,,
SC,27,735.383011,13,20,5,0.160000,,,,,
,,,,,,,,,,,
,Length,PR,turn off camera,Intrudsion,replan times,exploration rate,,,
PP,27,1357.059432,0,20,16,0.200000,,,,,
,,,,,,,,,,,
,Length,PR,turn off camera,Intrudsion,replan times,exploration rate,,,,,,
Hybrid,27,763.616134,12,20,4,0.160000,,,,,
,,,,,,,,,,,
,Length,PR,turn off camera,Intrudsion,replan times,exploration rate,,,,,,
SC,27,735.383011,13,20,5,0.160000,,,,,
,,,,,,,,,,,
,Length,PR,turn off camera,Intrudsion,replan times,exploration rate,,,
PP,27,1357.059432,0,20,14,0.200000,,,,,
,,,,,,,,,,,
,Length,PR,turn off camera,Intrudsion,replan times,exploration rate,,,,,,
Hybrid,27,826.828190,11,20,5,0.160000,,,,,
,,,,,,,,,,,
,Length,PR,turn off camera,Intrudsion,replan times,exploration rate,,,,,,
SC,27,735.383011,13,20,5,0.160000,,,,,
,,,,,,,,,,,
,Length,PR,turn off camera,Intrudsion,replan times,exploration rate,,,
PP,27,1357.059432,0,20,14,0.200000,,,,,
,,,,,,,,,,,
,Length,PR,turn off camera,Intrudsion,replan times,exploration rate,,,,,,
Hybrid,27,735.383011,13,20,4,0.160000,,,,,
,,,,,,,,,,,
,Length,PR,turn off camera,Intrudsion,replan times,exploration rate,,,,,,
SC,27,735.383011,13,20,5,0.160000,,,,,
,,,,,,,,,,,
,Length,PR,turn off camera,Intrudsion,replan times,exploration rate,,,
PP,27,1370.592961,0,20,15,0.210000,,,,,
,,,,,,,,,,,
,Length,PR,turn off camera,Intrudsion,replan times,exploration rate,,,,,,
Hybrid,27,791.661583,11,20,4,0.160000,,,,,
,,,,,,,,,,,
,Length,PR,turn off camera,Intrudsion,replan times,exploration rate,,,,,,
SC,27,735.383011,13,20,5,0.160000,,,,,
,,,,,,,,,,,
,Length,PR,turn off camera,Intrudsion,replan times,exploration rate,,,
PP,27,1370.592961,0,20,17,0.210000,,,,,
,,,,,,,,,,,
,Length,PR,turn off camera,Intrudsion,replan times,exploration rate,,,,,,
Hybrid,27,773.723061,12,20,4,0.160000,,,,,
,,,,,,,,,,,
,Length,PR,turn off camera,Intrudsion,replan times,exploration rate,,,,,,
SC,27,735.383011,13,20,5,0.160000,,,,,
,,,,,,,,,,,
,Length,PR,turn off camera,Intrudsion,replan times,exploration rate,,,
PP,27,1357.059432,0,20,16,0.200000,,,,,
,,,,,,,,,,,
,Length,PR,turn off camera,Intrudsion,replan times,exploration rate,,,,,,
Hybrid,35,882.853099,13,26,6,0.250000,,,,,
,,,,,,,,,,,
,Length,PR,turn off camera,Intrudsion,replan times,exploration rate,,,,,,
SC,27,735.383011,13,20,5,0.160000,,,,,
,,,,,,,,,,,
,Length,PR,turn off camera,Intrudsion,replan times,exploration rate,,,
PP,27,1370.592961,0,20,13,0.210000,,,,,
,,,,,,,,,,,
,Length,PR,turn off camera,Intrudsion,replan times,exploration rate,,,,,,
Hybrid,27,836.935117,11,20,4,0.160000,,,,,
,,,,,,,,,,,
,Length,PR,turn off camera,Intrudsion,replan times,exploration rate,,,,,,
SC,27,735.383011,13,20,5,0.160000,,,,,
,,,,,,,,,,,
,Length,PR,turn off camera,Intrudsion,replan times,exploration rate,,,
PP,27,1370.592961,0,20,13,0.210000,,,,,
,,,,,,,,,,,
,Length,PR,turn off camera,Intrudsion,replan times,exploration rate,,,,,,
Hybrid,35,903.150683,17,26,7,0.220000,,,,,
,,,,,,,,,,,
,Length,PR,turn off camera,Intrudsion,replan times,exploration rate,,,,,,
SC,27,735.383011,13,20,5,0.160000,,,,,
,,,,,,,,,,,
,Length,PR,turn off camera,Intrudsion,replan times,exploration rate,,,
PP,27,1370.592961,0,20,17,0.210000,,,,,
,,,,,,,,,,,
,Length,PR,turn off camera,Intrudsion,replan times,exploration rate,,,,,,
Hybrid,27,781.554655,11,20,4,0.160000,,,,,
,,,,,,,,,,,
,Length,PR,turn off camera,Intrudsion,replan times,exploration rate,,,,,,
SC,27,735.383011,13,20,5,0.160000,,,,,
,,,,,,,,,,,
,Length,PR,turn off camera,Intrudsion,replan times,exploration rate,,,
PP,27,1357.059432,0,20,16,0.200000,,,,,
,,,,,,,,,,,
,Length,PR,turn off camera,Intrudsion,replan times,exploration rate,,,,,,
Hybrid,27,859.277646,10,20,5,0.190000,,,,,
,,,,,,,,,,,
,Length,PR,turn off camera,Intrudsion,replan times,exploration rate,,,,,,
SC,27,735.383011,13,20,5,0.160000,,,,,
,,,,,,,,,,,
,Length,PR,turn off camera,Intrudsion,replan times,exploration rate,,,
PP,27,1357.059432,0,20,16,0.200000,,,,,
,,,,,,,,,,,
,Length,PR,turn off camera,Intrudsion,replan times,exploration rate,,,,,,
Hybrid,27,711.553896,12,20,4,0.170000,,,,,
,,,,,,,,,,,
,Length,PR,turn off camera,Intrudsion,replan times,exploration rate,,,,,,
SC,27,735.383011,13,20,5,0.160000,,,,,
,,,,,,,,,,,
,Length,PR,turn off camera,Intrudsion,replan times,exploration rate,,,
PP,27,1370.592961,0,20,13,0.210000,,,,,
,,,,,,,,,,,
,Length,PR,turn off camera,Intrudsion,replan times,exploration rate,,,,,,
Hybrid,27,736.023230,11,20,4,0.180000,,,,,
,,,,,,,,,,,
,Length,PR,turn off camera,Intrudsion,replan times,exploration rate,,,,,,
SC,27,735.383011,13,20,5,0.160000,,,,,
,,,,,,,,,,,
,Length,PR,turn off camera,Intrudsion,replan times,exploration rate,,,
PP,27,1357.059432,0,20,16,0.200000,,,,,
,,,,,,,,,,,
,Length,PR,turn off camera,Intrudsion,replan times,exploration rate,,,,,,
Hybrid,27,733.830906,13,20,4,0.160000,,,,,
,,,,,,,,,,,
,Length,PR,turn off camera,Intrudsion,replan times,exploration rate,,,,,,
SC,27,735.383011,13,20,5,0.160000,,,,,
,,,,,,,,,,,
,Length,PR,turn off camera,Intrudsion,replan times,exploration rate,,,
PP,27,1370.592961,0,20,15,0.210000,,,,,
,,,,,,,,,,,
,Length,PR,turn off camera,Intrudsion,replan times,exploration rate,,,,,,
Hybrid,27,819.636815,12,20,5,0.190000,,,,,
,,,,,,,,,,,
,Length,PR,turn off camera,Intrudsion,replan times,exploration rate,,,,,,
SC,27,735.383011,13,20,5,0.160000,,,,,
,,,,,,,,,,,
,Length,PR,turn off camera,Intrudsion,replan times,exploration rate,,,
PP,27,1370.592961,0,20,13,0.210000,,,,,
,,,,,,,,,,,
,Length,PR,turn off camera,Intrudsion,replan times,exploration rate,,,,,,
Hybrid,27,800.216404,11,20,4,0.160000,,,,,
,,,,,,,,,,,
,Length,PR,turn off camera,Intrudsion,replan times,exploration rate,,,,,,
SC,27,735.383011,13,20,5,0.160000,,,,,
,,,,,,,,,,,
,Length,PR,turn off camera,Intrudsion,replan times,exploration rate,,,
PP,27,1357.059432,0,20,12,0.200000,,,,,
,,,,,,,,,,,
,Length,PR,turn off camera,Intrudsion,replan times,exploration rate,,,,,,
Hybrid,27,723.063416,12,20,4,0.170000,,,,,
,,,,,,,,,,,
,Length,PR,turn off camera,Intrudsion,replan times,exploration rate,,,,,,
SC,27,735.383011,13,20,5,0.160000,,,,,
,,,,,,,,,,,
,Length,PR,turn off camera,Intrudsion,replan times,exploration rate,,,
PP,27,1357.059432,0,20,16,0.200000,,,,,
,,,,,,,,,,,
,Length,PR,turn off camera,Intrudsion,replan times,exploration rate,,,,,,
Hybrid,27,712.768814,12,20,4,0.180000,,,,,
,,,,,,,,,,,
,Length,PR,turn off camera,Intrudsion,replan times,exploration rate,,,,,,
SC,27,735.383011,13,20,5,0.160000,,,,,
,,,,,,,,,,,
,Length,PR,turn off camera,Intrudsion,replan times,exploration rate,,,
PP,27,1357.059432,0,20,16,0.200000,,,,,
,,,,,,,,,,,
,Length,PR,turn off camera,Intrudsion,replan times,exploration rate,,,,,,
Hybrid,27,842.891231,11,20,4,0.190000,,,,,
,,,,,,,,,,,
,Length,PR,turn off camera,Intrudsion,replan times,exploration rate,,,,,,
SC,27,735.383011,13,20,5,0.160000,,,,,
,,,,,,,,,,,
,Length,PR,turn off camera,Intrudsion,replan times,exploration rate,,,
PP,27,1370.592961,0,20,15,0.210000,,,,,
,,,,,,,,,,,
,Length,PR,turn off camera,Intrudsion,replan times,exploration rate,,,,,,
Hybrid,27,758.300239,12,20,4,0.160000,,,,,
,,,,,,,,,,,
,Length,PR,turn off camera,Intrudsion,replan times,exploration rate,,,,,,
SC,27,735.383011,13,20,5,0.160000,,,,,
,,,,,,,,,,,
,Length,PR,turn off camera,Intrudsion,replan times,exploration rate,,,
PP,27,1370.592961,0,20,15,0.210000,,,,,
,,,,,,,,,,,
,Length,PR,turn off camera,Intrudsion,replan times,exploration rate,,,,,,
Hybrid,27,758.300239,12,20,4,0.160000,,,,,
,,,,,,,,,,,
,Length,PR,turn off camera,Intrudsion,replan times,exploration rate,,,,,,
SC,27,735.383011,13,20,5,0.160000,,,,,
,,,,,,,,,,,
,Length,PR,turn off camera,Intrudsion,replan times,exploration rate,,,
PP,27,1370.592961,0,20,17,0.210000,,,,,
,,,,,,,,,,,
,Length,PR,turn off camera,Intrudsion,replan times,exploration rate,,,,,,
Hybrid,27,712.768814,12,20,4,0.180000,,,,,
,,,,,,,,,,,
,Length,PR,turn off camera,Intrudsion,replan times,exploration rate,,,,,,
SC,27,735.383011,13,20,5,0.160000,,,,,
,,,,,,,,,,,
,Length,PR,turn off camera,Intrudsion,replan times,exploration rate,,,
PP,27,1357.059432,0,20,14,0.200000,,,,,
,,,,,,,,,,,
,Length,PR,turn off camera,Intrudsion,replan times,exploration rate,,,,,,
Hybrid,27,736.023230,11,20,4,0.180000,,,,,
,,,,,,,,,,,
,Length,PR,turn off camera,Intrudsion,replan times,exploration rate,,,,,,
SC,27,735.383011,13,20,5,0.160000,,,,,
,,,,,,,,,,,
,Length,PR,turn off camera,Intrudsion,replan times,exploration rate,,,
PP,27,1357.059432,0,20,16,0.200000,,,,,
,,,,,,,,,,,
,Length,PR,turn off camera,Intrudsion,replan times,exploration rate,,,,,,
Hybrid,27,736.023230,11,20,4,0.180000,,,,,
,,,,,,,,,,,
,Length,PR,turn off camera,Intrudsion,replan times,exploration rate,,,,,,
SC,27,735.383011,13,20,5,0.160000,,,,,
,,,,,,,,,,,
,Length,PR,turn off camera,Intrudsion,replan times,exploration rate,,,
PP,27,1357.059432,0,20,16,0.200000,,,,,
,,,,,,,,,,,
,Length,PR,turn off camera,Intrudsion,replan times,exploration rate,,,,,,
Hybrid,27,735.383011,13,20,4,0.160000,,,,,
,,,,,,,,,,,
,Length,PR,turn off camera,Intrudsion,replan times,exploration rate,,,,,,
SC,27,735.383011,13,20,5,0.160000,,,,,
,,,,,,,,,,,
,Length,PR,turn off camera,Intrudsion,replan times,exploration rate,,,
PP,27,1357.059432,0,20,14,0.200000,,,,,
,,,,,,,,,,,
,Length,PR,turn off camera,Intrudsion,replan times,exploration rate,,,,,,
Hybrid,27,751.769427,12,20,4,0.160000,,,,,
,,,,,,,,,,,
,Length,PR,turn off camera,Intrudsion,replan times,exploration rate,,,,,,
SC,27,735.383011,13,20,5,0.160000,,,,,
,,,,,,,,,,,
,Length,PR,turn off camera,Intrudsion,replan times,exploration rate,,,
PP,27,1357.059432,0,20,14,0.200000,,,,,
,,,,,,,,,,,
,Length,PR,turn off camera,Intrudsion,replan times,exploration rate,,,,,,
Hybrid,27,728.852199,13,20,4,0.160000,,,,,
,,,,,,,,,,,
,Length,PR,turn off camera,Intrudsion,replan times,exploration rate,,,,,,
SC,27,735.383011,13,20,5,0.160000,,,,,
,,,,,,,,,,,
,Length,PR,turn off camera,Intrudsion,replan times,exploration rate,,,
PP,27,1357.059432,0,20,14,0.200000,,,,,
,,,,,,,,,,,
,Length,PR,turn off camera,Intrudsion,replan times,exploration rate,,,,,,
Hybrid,27,723.063416,12,20,4,0.170000,,,,,
,,,,,,,,,,,
,Length,PR,turn off camera,Intrudsion,replan times,exploration rate,,,,,,
SC,27,735.383011,13,20,5,0.160000,,,,,
,,,,,,,,,,,
,Length,PR,turn off camera,Intrudsion,replan times,exploration rate,,,
PP,27,1370.592961,0,20,15,0.210000,,,,,
,,,,,,,,,,,
,Length,PR,turn off camera,Intrudsion,replan times,exploration rate,,,,,,
Hybrid,27,763.616134,12,20,4,0.160000,,,,,
,,,,,,,,,,,
,Length,PR,turn off camera,Intrudsion,replan times,exploration rate,,,,,,
SC,27,735.383011,13,20,5,0.160000,,,,,
,,,,,,,,,,,
,Length,PR,turn off camera,Intrudsion,replan times,exploration rate,,,
PP,27,1357.059432,0,20,16,0.200000,,,,,
,,,,,,,,,,,
,Length,PR,turn off camera,Intrudsion,replan times,exploration rate,,,,,,
Hybrid,27,718.084709,12,20,4,0.170000,,,,,
,,,,,,,,,,,
,Length,PR,turn off camera,Intrudsion,replan times,exploration rate,,,,,,
SC,27,735.383011,13,20,5,0.160000,,,,,
,,,,,,,,,,,
,Length,PR,turn off camera,Intrudsion,replan times,exploration rate,,,
PP,27,1370.592961,0,20,15,0.210000,,,,,
,,,,,,,,,,,
,Length,PR,turn off camera,Intrudsion,replan times,exploration rate,,,,,,
Hybrid,27,746.790720,12,20,4,0.160000,,,,,
,,,,,,,,,,,
,Length,PR,turn off camera,Intrudsion,replan times,exploration rate,,,,,,
SC,27,735.383011,13,20,5,0.160000,,,,,
,,,,,,,,,,,
,Length,PR,turn off camera,Intrudsion,replan times,exploration rate,,,
PP,27,1357.059432,0,20,14,0.200000,,,,,
,,,,,,,,,,,
,Length,PR,turn off camera,Intrudsion,replan times,exploration rate,,,,,,
Hybrid,27,734.471124,11,20,4,0.180000,,,,,
,,,,,,,,,,,
,Length,PR,turn off camera,Intrudsion,replan times,exploration rate,,,,,,
SC,27,735.383011,13,20,5,0.160000,,,,,
,,,,,,,,,,,
,Length,PR,turn off camera,Intrudsion,replan times,exploration rate,,,
PP,27,1357.059432,0,20,16,0.200000,,,,,
,,,,,,,,,,,
,Length,PR,turn off camera,Intrudsion,replan times,exploration rate,,,,,,
Hybrid,27,723.063416,12,20,4,0.170000,,,,,
,,,,,,,,,,,
,Length,PR,turn off camera,Intrudsion,replan times,exploration rate,,,,,,
SC,27,735.383011,13,20,5,0.160000,,,,,
,,,,,,,,,,,
,Length,PR,turn off camera,Intrudsion,replan times,exploration rate,,,
PP,27,1357.059432,0,20,14,0.200000,,,,,
,,,,,,,,,,,
,Length,PR,turn off camera,Intrudsion,replan times,exploration rate,,,,,,
Hybrid,27,717.747521,12,20,4,0.180000,,,,,
,,,,,,,,,,,
,Length,PR,turn off camera,Intrudsion,replan times,exploration rate,,,,,,
SC,27,735.383011,13,20,5,0.160000,,,,,
,,,,,,,,,,,
,Length,PR,turn off camera,Intrudsion,replan times,exploration rate,,,
PP,27,1357.059432,0,20,14,0.200000,,,,,
,,,,,,,,,,,
,Length,PR,turn off camera,Intrudsion,replan times,exploration rate,,,,,,
Hybrid,27,753.321533,12,20,4,0.160000,,,,,
,,,,,,,,,,,
,Length,PR,turn off camera,Intrudsion,replan times,exploration rate,,,,,,
SC,27,735.383011,13,20,5,0.160000,,,,,
,,,,,,,,,,,
,Length,PR,turn off camera,Intrudsion,replan times,exploration rate,,,
PP,27,1370.592961,0,20,13,0.210000,,,,,
,,,,,,,,,,,
,Length,PR,turn off camera,Intrudsion,replan times,exploration rate,,,,,,
Hybrid,27,736.023230,11,20,4,0.180000,,,,,
,,,,,,,,,,,
,Length,PR,turn off camera,Intrudsion,replan times,exploration rate,,,,,,
SC,27,735.383011,13,20,5,0.160000,,,,,
,,,,,,,,,,,
,Length,PR,turn off camera,Intrudsion,replan times,exploration rate,,,
PP,27,1370.592961,0,20,15,0.210000,,,,,
,,,,,,,,,,,
,Length,PR,turn off camera,Intrudsion,replan times,exploration rate,,,,,,
Hybrid,27,706.238002,12,20,4,0.180000,,,,,
,,,,,,,,,,,
,Length,PR,turn off camera,Intrudsion,replan times,exploration rate,,,,,,
SC,27,735.383011,13,20,5,0.160000,,,,,
,,,,,,,,,,,
,Length,PR,turn off camera,Intrudsion,replan times,exploration rate,,,
PP,27,1370.592961,0,20,17,0.210000,,,,,
,,,,,,,,,,,
,Length,PR,turn off camera,Intrudsion,replan times,exploration rate,,,,,,
Hybrid,27,711.216708,12,20,4,0.180000,,,,,
,,,,,,,,,,,
,Length,PR,turn off camera,Intrudsion,replan times,exploration rate,,,,,,
SC,27,735.383011,13,20,5,0.160000,,,,,
,,,,,,,,,,,
,Length,PR,turn off camera,Intrudsion,replan times,exploration rate,,,
PP,27,1357.059432,0,20,12,0.200000,,,,,
,,,,,,,,,,,
,Length,PR,turn off camera,Intrudsion,replan times,exploration rate,,,,,,
Hybrid,27,711.216708,12,20,4,0.180000,,,,,
,,,,,,,,,,,
,Length,PR,turn off camera,Intrudsion,replan times,exploration rate,,,,,,
SC,27,735.383011,13,20,5,0.160000,,,,,
,,,,,,,,,,,
,Length,PR,turn off camera,Intrudsion,replan times,exploration rate,,,
PP,27,1370.592961,0,20,17,0.210000,,,,,
,,,,,,,,,,,
,Length,PR,turn off camera,Intrudsion,replan times,exploration rate,,,,,,
Hybrid,27,763.616134,12,20,4,0.160000,,,,,
,,,,,,,,,,,
,Length,PR,turn off camera,Intrudsion,replan times,exploration rate,,,,,,
SC,27,735.383011,13,20,5,0.160000,,,,,
,,,,,,,,,,,
,Length,PR,turn off camera,Intrudsion,replan times,exploration rate,,,
PP,27,1370.592961,0,20,17,0.210000,,,,,
